10651.3,9830,9326.2,9134,8954.1,9010.1,9209.7,9550,10475.7,11356.8,11839.2,11897.2,11447.3,11035,10759.4,10587.3,10894.4,11881.7,12790.5,12542.5,12460.7,12412.4,11916.1,10779.9
9907.6,9211.4,8886.6,8706.1,8705.3,8840.4,9298.9,10396.8,11700.9,13001.1,13517.1,13571.3,13047.5,12510.6,12379.4,12324,12787,13528.4,13893.9,13696.5,13425.5,13200.7,12484.9,11347.1
10333.4,9627,9283.2,9083.5,9009.4,9162.5,9590.4,10639.2,11794.6,12929.5,13340.7,13416.9,12830.9,12206.2,12255.8,12126.4,12468.3,13239.1,13796.3,13593.9,13256.7,13037.5,12594.5,11482.5
10501.1,9701.3,9391.6,9150.9,9068.6,9149.6,9383,9857.5,10962.9,12291.9,13051.8,13186.3,12586,12276.1,12143,12011.5,12372.3,13186.1,13922.7,13591.7,13297.7,13139.1,12624.1,11608.3
10553.5,9845.2,9467.3,9266.2,9203.3,9247.2,9412.8,9809.9,10961.9,12083,12613.4,12717.6,12223.5,11871.2,11673.6,11462.5,11867.2,12826,13746.4,13496,13353.7,13156.1,12543.1,11364.8
10344.8,9668.7,9346.5,9110.4,9031.7,9160.9,9662.6,10732.3,12056.9,13502.9,14282.6,14474.5,14019.4,13578.4,13564.8,13443.6,13758.4,14340.1,14641.5,14327.6,14014.9,13716.7,12982.4,11783.8
10673.7,9982,9636.7,9448.1,9370.3,9494.8,9932.6,10994.8,12276.9,13421,13905,14063,13470.4,13064.4,12958.3,12891.2,13254.4,13981.6,14448.6,14135.6,13820.4,13691.3,13000.4,11817.2
10731.7,9960,9631,9450.8,9455,9604.9,10059.8,11151.3,12423.4,13741.4,14176.8,14262.9,13691,13181.8,13102.7,13050.3,13399.1,14149.4,14738.4,14487.6,14196.9,13942.8,13234.2,12041.4
10937.8,10196.8,9853.6,9645.8,9581.1,9709,10117.6,11254.4,12508.6,13717.2,14167.8,14372.3,13683.2,13275.1,13153.3,13051,13317.6,14156.1,14784.3,14586.5,14223.7,14009.7,13314.3,12081.5
10996.4,10250.9,9808.3,9727.7,9649,9775,10163.3,11219.3,12587.4,13874.5,14342.8,14440,13793.1,13315,13176.4,12960.6,13387.2,14060.4,14570.3,14317.7,14041.1,13837.3,13236,12128.6
11103.4,10291,9879.7,9679.4,9593.7,9640.2,9858.6,10360.6,11546.9,12813.2,13379.6,13528.3,12954.5,12535.8,12302.6,12143.2,12550.2,13413.1,14160.1,13894.2,13652,13526.8,12962.7,11955
10888.8,10131.1,9719.1,9482.8,9434.9,9536.6,9615.5,10087.2,11143.8,12272.7,12831.9,13017.9,12524.9,12122.6,11936.8,11782.3,12082.7,13078.6,13991.6,13869.5,13643.8,13452.1,12868.7,11758.5
10656.1,9928.5,9529,9367.9,9316.7,9441,9913,10929.7,12254.2,13705,14233.3,14310.1,13744,13234,13089.5,12958.2,13282.3,14015.3,14567.9,14357.1,14039.9,13861.7,13071.2,11909.3
10838.1,10117.6,9778.1,9573.5,9542.1,9662.8,10061.6,11025.6,12363.1,13647,14134.5,14288,13661.5,13181.5,13049,12891.2,13249.1,13969.1,14579.2,14372.7,14076.6,13860.9,13184.6,11997.6
10884.7,10144.1,9828.1,9581.4,9583.6,9643.3,10016.5,11015.2,12371.7,13615.5,14052.9,14074.2,13521.1,13019.8,12832.8,12696.1,13128.8,13854.6,14429.7,14161.9,13921,13686.4,13062.2,11860.2
10746.7,10094.5,9714.9,9492.5,9398.4,9478,9940,10807.9,12159.8,13535,14019.3,14143.9,13577,13117.3,12841.4,12723.9,13064.9,13724.5,14321.5,14021.8,13793.6,13570.2,13037.6,11809.6
10740.1,9987.7,9622.1,9359.3,9403.2,9460.2,9797,10848.5,12072.7,13414.6,13930.7,13953.2,13377,12917.5,12715.6,12563.4,12852,13391.7,14076,13763.3,13511.8,13340.8,12868.3,11786.2
10770,10007,9639.3,9230.6,9174.6,9304.4,9450.8,9978.3,11056.5,12162.7,12593.4,12726.1,12208,11864.3,11669.5,11460.6,11816.9,12582,13402.9,13200.5,13047.3,12938.6,12504.2,11557.7
10564.4,9804.9,9451.3,9197,9113.4,9150.6,9266,9680.6,10605.4,11858.1,12594.4,12809.1,12364.8,11968.6,11635.8,11456.8,11790.1,12586.5,13377.8,13167.4,13128.3,13034.8,12464.2,11378.6
10354.5,9691.3,9293.5,9124,9000.1,9129.1,9509.4,10464.8,11785.3,12940.4,13412.6,13576.5,13172.7,12678.3,12481,12267.5,12587.1,13157.5,13965.1,13738.8,13474.1,13318.8,12724.7,11580.4
10557.8,9878.6,9523.5,9326.8,9167.6,9324.5,9638.9,10501.8,11798.5,12838.2,13265.2,13361.8,12875,12454.5,12254.7,12073.6,12356.1,12826.7,13656.7,13502.4,13243.5,13167.5,12585.2,11492.1
10404.2,9754.1,9442.5,9219.4,9183.1,9235.1,9543.2,10464.5,11718.4,12791.1,13188.3,13197.3,12778.7,12353.3,12038.6,11916.2,12163.8,12748.8,13420.7,13258.1,13019.5,12970.1,12390.8,11379.9
10260.6,9631.6,9276,9090.2,9016.6,9117.5,9441.5,10312.2,11500.6,12641.8,13092,13218.7,12861,12468.3,12237,12050.9,12269.2,12713.4,13305.1,13117.5,12901.5,12796.2,12321.4,11238.9
10245.1,9514.6,9158.8,8973.1,8847,8939.6,9284,10114.9,11188.2,12347.3,12797.6,12976.7,12660,12216,11974.6,11680.1,11824.6,12275.3,12888,12640.2,12429.4,12281.9,11911.6,10962.7
10048.9,9295.3,8939,8720.4,8641.9,8672,8813.5,9240,10112.9,10862.8,11287.7,11386.5,11054.1,10833.1,10498,10345.7,10540.7,11162.5,12150,12061.1,11933.7,11888.5,11592,10651.2
9766.5,9062,8751.1,8556.3,8421.5,8548.3,8765.7,9505.8,10581.4,11526.6,11889.4,11934.4,11664.8,11302,11047.9,10881.7,11092,11656,12372.9,12128.7,11895.1,11820.4,11489.5,10603.1
9666.1,9043.4,8625.9,8503.7,8410.2,8537.8,8710.6,9478.9,10476,11415.2,11657.2,11733.1,11448.1,11062.2,10730.7,10466.4,10648.6,11050.7,11867.6,11612.2,11458.1,11432.8,11033.8,10226.6
9349.9,8691.9,8430.2,8230.4,8211.3,8258.3,8480.4,9207,10114.2,10845.5,10983.8,11038.5,10825,10496.9,10203.7,10065.7,10299.9,10727.8,11498.1,11285.6,11170.9,11094.3,10763.5,9965.6
9128.8,8529.3,8259.3,8074.7,7953.7,8040.9,8236.9,8852.1,9785.3,10490.2,10740.5,10703.4,10581.2,10204.9,9935.2,9689.8,9891.8,10390.1,11089.7,10980.7,10885.4,10839.9,10574.5,9812
8962.2,8270.8,7947.3,7801.6,7697.8,7721.3,7867.4,8405.5,9326.3,9789.9,9929.1,9861.6,9565.5,9076,8881.6,8753.7,8867.2,9308.6,9853.3,9763.3,9766.5,9652.1,9787,9728.7
9644.7,8761.7,8118.8,7722.8,7610,7649.5,7608.9,7746.5,8202.1,8638.3,8939.2,8986.1,8818,8514.1,8408.8,8348.1,8575,9050.9,9734.3,9729.6,9565.5,9544.1,9419.2,8971
8361.9,7819.5,7516.6,7362.3,7298.3,7362.4,7400.2,7546.5,8108.3,8783.4,9178.8,9111.4,8918.4,8674.8,8387.7,8421.2,8540.7,9100,9724.4,9670.7,9574.5,9600.4,9463.8,8965.5
8288.5,7737.5,7476.2,7342.2,7278.8,7311.5,7392.2,7501.2,8170.5,8591,8885.2,8820.3,8566,8394.6,8053.2,7989.8,8262.7,8717.5,9596,9667.6,9622,9643.2,9433.3,8946.1
8314.9,7810.6,7565.6,7359.4,7358.5,7398.2,7483.4,7672.4,8332.2,8793.9,9126.2,9158.3,8996.2,8731,8467.2,8433,8629,9091.5,10082.4,10077.1,9970.3,9947.3,9788.9,9146.3
8480.9,7942.6,7723.8,7575.5,7533.5,7542.9,7631.7,7861.6,8593.6,9102.9,9353.7,9313,9174,8955.6,8722.1,8671,8949.3,9416.5,10367.3,10299.7,10218.1,10209.3,9941,9339.5
8606.1,8097,7859.3,7672.2,7663.1,7645.4,7696.4,7921.8,8702.2,9336.4,9803.3,9854.9,9668.8,9359.9,9328.3,9161.1,9405.5,9948.7,10781.9,10690.6,10593,10543,10254.1,9558.8
8853.1,8311.3,8010.2,7895.5,7791.6,7831.2,7953.9,8079.6,8895.1,9663.1,10216.5,10323.6,10237.7,9874.2,9682.3,9547.5,9903.4,10479.2,11259.7,11146.4,11089.1,10980,10616.7,9831.6
9043.8,8413.5,8188,8032.5,7977.2,8034.3,8245.1,8865.2,9926.8,11106.6,11709.2,11940.2,11823.6,11397.1,11250.9,11157.6,11341.5,11779.9,12279.1,12159.1,11883.8,11659.2,11152.4,10321.9
9497,8958.7,8641.7,8536.8,8430.4,8507,8685.2,9237.1,10165.3,11222.5,11657,11728.2,11567.1,11141.5,10900.4,10811.3,11032.9,11422.9,12282.2,12211.7,11989.5,11946.1,11536.3,10662.3
9820.9,9138.8,8851.4,8709.1,8659.8,8678,8703,8986.2,10006.4,10838,11504,11656.6,11346.4,11000.5,10672.4,10550,10817.1,11384.1,12367.6,12474.7,12289.8,12146.1,11674.5,10701.3
9796.4,9230.4,8936.8,8729,8686.8,8745.6,9031.2,9809.2,11100.8,12234.9,12707.6,12820.8,12489.3,12100,11952.3,11768.1,12083.7,12522.6,13145.9,13105.4,12892.1,12711.7,12179.9,11067.5
10106.1,9492.7,9180.5,9048.4,8929.8,9041.1,9285,9997.3,11340.4,12579.5,13057.3,13170.7,12741.5,12298.4,12033.8,11979.2,12178.7,12646.6,13247.1,13298.2,13010.3,12851.9,12256.9,11184.8
10212.8,9543.2,9294.2,9049.9,9003.1,9107.2,9284.4,10085.6,11430.3,12523.6,12991.2,13012,12650.2,12150.6,11929.9,11757.2,12164.5,12598.9,13167.6,13224.1,12959.7,12770.6,12215.1,11131.8
10138.1,9496.7,9188.2,9019.5,8901.2,9029.6,9228.3,10042.4,11382.7,12814.2,13464.7,13662.7,13319.7,12900,12672.3,12523.1,12707.5,13085.6,13401.5,13456.6,13171.9,12921.6,12395.4,11401.8
10318,9644,9272.7,9087.3,9002.4,9091.9,9360.5,10112.2,11431.7,12683.5,13186.9,13339.3,12847.4,12419.7,12103,11999.2,12125.5,12403,12755.9,12774.1,12511.1,12455.7,12201.1,11345.4
10338.7,9595.6,9131.3,8988.6,8846.8,8868,8956.2,9328.8,10407.6,11545.7,12246.3,12437.2,12120.8,11823.7,11417.3,11319,11584.5,12108.5,12736.9,12904.7,12628.2,12510.2,12057.9,11155.2
10169.1,9478.8,9094.6,8900.2,8788.1,8865.9,8922.9,9301.9,10282.9,11309.8,11956.2,12179.3,11795.8,11336,11056.1,10851.8,11245.9,11941.7,12697.1,12869.8,12650.2,12531.1,11947.9,10913.8
9870.6,9269.2,8897.2,8734.9,8673.3,8783.4,9184.3,10165.3,11371.2,12704.7,13228,13295.5,12773.8,12339.7,12159.9,12093.8,12331.8,12802,13292,13359.9,13070.5,12892,12317.9,11160.4
10137.3,9489.6,9171.7,9013.9,8903.9,9025.4,9432.5,10402.4,11608.8,12835.9,13343.4,13577.9,13159.7,12708.6,12591.7,12486.3,12754.7,13191.4,13583.3,13657.4,13415.3,13167.5,12518.8,11326.3
10292.9,9627.5,9264.9,9047.4,9071.6,9064.4,9491.2,10517.4,11766.3,12834.5,13238.1,13313,12778,12215.9,12116.2,11905.3,12114.3,12559.1,13173.7,13448.6,13266.3,13074.9,12490.9,11246.3
10204.8,9551.4,9221.7,9064.3,9007.8,9074.1,9451.3,10459.6,11777.7,13068.4,13701.4,13906.1,13464.7,12999,12896.6,12763.9,12988.4,13483.2,13789.3,13787.8,13517,13239.1,12619.2,11406
10317.8,9620.5,9347.5,9191.4,9022.2,9144.1,9535.4,10587.8,11854.5,13195,13738.6,14004.8,13469.2,13001.4,12798.9,12673.4,12881,13253.5,13537.1,13573.2,13214.4,13028.9,12574.1,11485.1
10456,9651.9,9290.5,9051.6,8937.3,8960,9140.8,9551.6,10753.8,11978.7,12721.5,12922.8,12444.5,12097.6,11869.7,11643.1,11895.6,12452,12952.7,13062,12805.4,12679.7,12261.2,11247.8
10164.5,9412.6,9077.4,8876.2,8732.6,8788.9,8935.5,9343.6,10428.2,11675.6,12416,12802.3,12478.1,12127.2,11875.6,11710.6,12040,12658.8,13156.3,13267.7,13004.8,12784.1,12096.9,11014.9
9970.2,9238,8905.5,8730.4,8702,8800,9208.7,10313.4,11604.5,12889.6,13588.5,13647.4,13051.3,12527.1,12450.1,12283,12588.7,13005.7,13327.7,13438.7,13215,12970.7,12330.4,11115.1
10059.3,9357.1,9043.1,8902.9,8776.7,8877.9,9345.4,10390,11604.5,12809.7,13374.7,13562.9,12956.1,12393.3,12305.7,12103.5,12397.3,12883.8,13152.6,13423.2,13159.4,12877.8,12281.3,11049.2
9975,9328.3,8982.3,8837.2,8753,8778,9279.4,10349.8,11549.4,12624.6,13202.1,13422.2,12838.4,12336.6,12281.5,12173,12496.1,13138.7,13443.8,13298.9,12983.4,12713.5,12105.7,10903.3
9856.6,9200,8884.2,8748,8691.7,8826,9201,10288.4,11473.7,12481.8,12884.1,13051.9,12417.9,11936.9,11906.2,11692.6,11881.5,12186.5,12610.8,13116.6,12875.9,12684.2,12179.2,10988.3
9905.5,9236.9,8932.4,8740.2,8672,8772.3,9260.7,10314.8,11496.4,12777,13359.4,13550.4,12977.3,12431.4,12367.4,12132,12431.5,12764,13042.1,13278.9,12952.2,12782.7,12318.2,11257.1
10114.1,9385.2,8960.1,8772.5,8650.7,8775.7,8938.6,9513.3,10569.9,11581.2,12047.2,12170.5,11563.3,11182.4,10982.1,10735.4,10947.2,11422.3,12012.8,12546,12347.2,12277.1,11819.2,10839.4
9759.6,9054.7,8683.6,8497.4,8427,8564.8,8750.5,9271.2,10332.4,11370.1,11894.3,12013.7,11515.3,11027.7,10849.9,10652.4,10881.7,11444.9,12036.4,12576,12446.3,12329,11744.8,10560.4
9526.4,8848.9,8525.5,8394.8,8338.8,8502.1,9021.5,10136.9,11338.3,12716.7,13399.5,13715.5,13137.5,12723.9,12720.4,12677.4,12954.9,13347.7,13444.8,13620.5,13219.3,12941,12215.3,10992.8
9940.7,9248.7,8962.2,8803.3,8644.5,8857.3,9264.3,10466.6,11409.6,12399.8,12889.6,13017.9,12378,11913,11848.8,11692.1,11957.7,12339.7,12675.2,13361.1,13092.4,12899.8,12245.1,10983.1
9918.9,9187.2,8926.8,8747.2,8680,8855.3,9333.5,10511.1,11576.9,12545.8,12958.7,13070.8,12468.8,11941.8,11856.5,11760.7,12063,12419.7,12776,13370.3,13101.5,12875.1,12172.4,10992.4
9912.7,9212.9,8920.1,8727.8,8695.1,8822.6,9290.6,10491.3,11549.3,12594.4,12944.5,13081.7,12461.2,11974.9,11938.1,11762,12018.2,12363.6,12725.7,13247.1,13001.5,12858.6,12137.8,10849
9832.2,9155.1,8852.2,8690.7,8555.4,8742.4,9236.4,10427.5,11500.4,12523.6,12940.7,13078.5,12416.6,11897.5,11855.4,11666.7,11904,12361.8,12639.5,12994.2,12797.7,12672.1,12113.9,10928.1
9834.3,9100.5,8746.6,8552.1,8457.2,8569.5,8772.1,9401.2,10584.2,11540.6,12088.5,12195.6,11565.1,11096.2,10992.9,10838.1,11060.8,11547.9,11906,12436.2,12321.9,12195.2,11650.8,10670.1
9592.6,8871.1,8443.1,8378,8235.3,8354.6,8579.1,9130.6,10212.7,11132.7,11650,11822.3,11253.2,10895.4,10670.4,10574.5,10848.7,11446.3,11927,12469.5,12398.8,12340.7,11624.4,10406.3
9348.7,8742.5,8421,8258,8207.7,8358.6,8847.5,10050,11278.9,12584.6,13039.5,13171.1,12517.7,11997.2,11940.6,11731.5,11973.1,12455.8,12592.4,13068.7,12790.3,12610.3,11889.4,10572.1
9549,8909.5,8622.4,8475.2,8443,8483.8,9075.8,10238.3,11386.9,12445.6,12852.8,12997.2,12282.6,11730,11702.4,11589.4,11851.3,12181.2,12440.4,12915.7,12716.6,12509.3,11734,10507.6
9484.1,8757.9,8488.5,8341.3,8273.8,8433.8,8890.4,10228.6,11256.8,12376.8,12892.4,13017.4,12275.4,11729.7,11683.1,11517.9,11738.7,12178,12379.8,12913.9,12640.3,12456.9,11709.6,10469.4
9457.4,8773.4,8475.4,8334.7,8270.2,8432,8962.5,10174.7,11102.6,12047.4,12476.2,12557,11876.9,11329.1,11329.2,11214.6,11468.3,11876,12237.2,12710.1,12444.5,12284.3,11534.2,10282.7
9213.8,8576.5,8226,8109,8058.7,8172.6,8682.5,9910.3,10850.9,11724.9,12112.2,12205.9,11489.3,11084.8,11061.5,10897.4,11117.2,11441.4,11579.7,12219.8,11998.3,11876.1,11299.2,10060
9060.2,8287.1,7936.1,7753.7,7686.8,7723,8019.3,8839.4,9834.4,10757.2,11257,11322.5,10578.7,10234.9,10118.4,9966.6,10154,10607.1,10820.8,11439.3,11281.1,11159.8,10543.8,9384.9
8321.5,7606.7,7249.9,7056.4,7003.1,7075.6,7328.3,8092.2,8966,9764.6,10212,10424.4,9849.3,9539.8,9410.5,9261.7,9455.5,10066.5,10556,11027.3,10933,10746.3,10021.3,8800.9
7707.7,7104.1,6802.3,6700,6640.8,6834.5,7466.1,8729.3,9781.7,10870.9,11355.7,11500.8,10910.3,10377,10327.2,10220.6,10500,10731.4,10903.2,11446.4,11294.6,10966.2,10190.9,8952.3
7787,7190.7,6862,6760.7,6715.5,6873,7488.8,8734.2,9623.7,10431.6,10899.6,11020.6,10417.2,10072.9,10199.7,10128.4,10581.8,10938.2,11174.8,11588.1,11309.3,11055.5,10313.4,8947.4
7816.2,7178.5,6960.3,6775.3,6743.9,6879.6,7518.7,8811.8,9800.8,10765.8,11405.3,11672.4,11100.3,10632.5,10755.6,10485.9,10644.5,10952.6,11051.2,11691.5,11575.3,11351.6,10461,9093.3
7952.3,7329,7010.8,6879,6842.6,7002.8,7574.8,8902.6,9902.4,10768.1,11166.2,11268.2,10693.3,10144.5,10211.7,10110.9,10282,10566.9,10688.4,11360.6,11233.8,11039.3,10262.1,8901.5
7801.1,7106.7,6802.3,6671.6,6683.1,6857.2,7432.9,8728.3,9648.2,10484.5,10918.8,11050.2,10398.3,9944.2,10021.4,9900.6,10095,10339.5,10419.3,11010.3,10895.8,10637.1,10055.6,8789.9
7651.1,6943.4,6589.1,6439,6424.3,6546.5,6860.5,7847.4,8822.2,9611.3,10146.1,10250.4,9632.9,9242.6,9222.9,9116.2,9227.3,9651.6,9830.9,10457.9,10350.1,10245.9,9549.4,8445.3
7372.2,6723.3,6428.6,6275.2,6175.4,6283.3,6567.7,7478.3,8402.5,9268.5,9810.6,9962.7,9458,9063.6,8979.2,8843,9127.2,9595.3,9901,10524.2,10504.5,10281.9,9431.7,8149.5
7095.1,6486.4,6229.2,6049.9,6022,6370.2,6935.6,8262.8,9322.3,10273.8,10773.6,10931.5,10344.9,9826.2,9938.4,9872.1,10014.7,10419.9,10516.5,11011.5,10804.4,10460.5,9646.7,8354.2
7284.6,6662.8,6421.1,6275.3,6246.3,6401.5,6964.8,8332.8,9347.8,10320.6,10703.3,10853,10221.4,9785.4,9894.8,9778.5,10076,10384.3,10537.8,10972.1,10776.4,10540.5,9631.3,8289.8
7171.7,6587.4,6310.4,6149.8,6164.8,6349,6970.9,8329.9,9295,10186.4,10641.3,10819.4,10171.5,9745.2,9887.2,9835,10025.1,10388.6,10423.7,10944.5,10789.7,10471.2,9603,8271.6
7160.9,6577,6306.4,6112.9,6150.7,6285.9,6933.7,8264.3,9279.6,10215.4,10819.6,11088.1,10576.8,10168.5,10284.3,10185.6,10532.1,10837.3,10743.5,11045.6,10823.9,10584,9602.8,8323.8
7206.1,6631.5,6353.4,6223.7,6174.8,6363.8,6926.5,8223.2,9288.6,10289.9,10810.3,10914.8,10254,9796.3,9918.2,9761.9,9959.9,10281.5,10241.6,10739.3,10533.4,10341.9,9648.3,8485.1
7310.1,6664.6,6325.8,6118.5,6080.1,6238.1,6663.6,7581.3,8526.2,9261.8,9808,9892.5,9327.2,9074.9,9121.4,8987.4,9139.5,9427.4,9561.2,10205.2,10171.4,9912.3,9256.4,8120.2
7055.8,6404.1,6091.1,5905.2,5833.1,5993.4,6411.8,7311.4,8133.6,8935.8,9532.4,9660.5,9125.7,8885.4,8830,8758.8,8955.5,9400.2,9636.4,10302.2,10219.6,9947.7,9172.3,7862.1
6739.7,6201.6,5871.7,5751.7,5704.5,5941.9,6602.9,7956.8,8950.7,9955.4,10491.3,10691.7,10078.9,9628.9,9798.8,9675.2,9943.2,10339,10407.4,10726.5,10446.8,10049.4,9209.2,7938
6905.1,6352.3,6088.7,5958.1,5947.4,6112.9,6846.6,8059.3,8979.8,9808.5,10410,10487.5,9834.3,9523.4,9691.3,9643.9,9894.4,10078.8,10181.5,10757.2,10513.3,10206.9,9321.5,8044.1
6964.1,6397.2,6091.6,5974.9,5929.7,6087.5,6747.6,8045.7,8976.4,9910,10427.1,10594.2,9981.2,9546.2,9641.6,9717.5,9885.1,10193.4,10267.6,10678.5,10536.1,10139.4,9278.4,7980.7
6928.7,6333.5,6122.9,5981.7,5947.7,6075.3,6782.4,8053.4,9003,9938.2,10436.4,10602.4,9962.4,9518.5,9686,9678.9,9838.1,10049.4,10120.1,10600.1,10579.1,10170.1,9395.9,8055.5
7015.4,6419.4,6093.8,5980.1,5950.6,6167.9,6844.1,8100.9,8958.5,9911.1,10378.8,10548.6,9891.9,9530.5,9678.2,9577.7,9688.8,10009.4,9902,10300.4,10175.4,9834.5,9132.4,7912.6
6847.3,6293.4,5996.3,5744.9,5708.9,5854.7,6309.2,7117.9,7793.8,8381.3,8898.2,9018.2,8652.8,8247.4,8117,8100.6,8254.1,8673.9,8896.9,9385.8,9495.9,9280.6,8591.5,7446
6491.7,5899.4,5615.5,5485.4,5478.9,5624,6067,6972.5,7752.3,8397.6,8914.5,9071.9,8591.7,8325.1,8322,8324.5,8500.7,8916.2,9105.2,9559,9600.4,9413.2,8694,7601.5
6618.3,5990.7,5755.9,5589.4,5536.9,5668.4,6132.7,7005.3,7919.7,8758,9388.1,9549.2,9056.2,8819,8772,8735.6,9002.1,9439.2,9594.8,9963.6,10087,9825.7,8978.7,7646.9
6657.1,6135.1,5805.6,5657.4,5679.8,5853,6571.1,7797.7,8787.9,9718.6,10283.7,10524.3,9876.8,9483.5,9645.4,9730,9877.4,10205.1,10301.2,10486.2,10458,10144,9213.1,7905.4
6869.4,6296.3,6064.3,5906.9,5859.3,6065,6756.2,7916.1,8879.5,9795.9,10373.2,10600.6,9990.5,9650.6,9853.8,9870.2,10074.7,10282.5,10226.6,10631.5,10601.6,10270.7,9370,8065.8
6987.9,6397.9,6133.6,6023.9,5917,6158.3,6813.2,8000.9,8970.5,9897.8,10479,10667.7,10059.6,9720.6,9810.7,9830.3,10024.9,10356.6,10354.7,10539.4,10513.7,10164.6,9265.7,7969.9
6940.1,6376.7,6105.8,5965.6,5923,6097.3,6722.8,7966.1,9021.8,10056.5,10570.5,10788.8,10061.8,9712.7,9872.5,9759.2,10033.1,10340.3,10264.4,10442.1,10351.9,10103.8,9347.8,8114.9
7091.4,6457.6,6152.7,5987.5,5976.8,6061.8,6552.7,7443.2,8311.9,9101.6,9737.5,9965.6,9265.6,9054.4,9049,8974.2,9228,9621.9,9731.4,9973.8,10147.2,9919.7,9196.5,7999.2
6915.4,6357.9,6077.8,5886.5,5808.5,5958.5,6383.4,7142.7,8000.4,8829.4,9470,9649.4,9177.1,8847.4,8863.9,8803.5,9100.7,9539.6,9662,10006.2,10212.3,9966.8,9122.9,7806.3
6738,6151,5876.3,5701.8,5713.6,5973.4,6586.2,7863.1,8796.9,9811.4,10377.1,10592.5,10032.7,9618.3,9829.6,9860.4,10122,10402.3,10341,10651.6,10607.4,10331,9429.2,8077.8
7002.8,6402.9,6173.3,6000.5,5958.8,6145.3,6859.3,8189,9001.3,9922.5,10497.8,10719.3,10180.9,9771.6,9946.5,9859.5,10125.1,10516.4,10436.2,10539,10534.3,10204.9,9257.8,8015
6959.2,6401.1,6179.2,5965.9,6020.2,6130.9,6874.5,7983.1,9008.7,9954.1,10503.1,10693.7,10051.4,9667.5,9801.6,9819.5,10068.6,10378.8,10398.4,10577.2,10570.8,10240,9397.5,8005.5
6960.2,6380.3,6157.9,6024,5922.6,6088.2,6678.4,8033.7,8953.7,9935.9,10514.2,10731.1,10099.3,9748.1,9836.7,9710.8,9970,10392.7,10347,10538.5,10532.4,10173.5,9353.4,8035.5
6995.6,6387.1,6191.1,5988.2,5945.6,6108.1,6865.3,7982.3,8982.4,9953.3,10536.3,10724.6,10038.5,9727.4,9928.9,9868.9,10009.6,10414.6,10318.1,10408.3,10457.9,10109.5,9412.4,8169.9
7107.4,6526.4,6210.7,5988.5,5969.4,6037.4,6454.7,7381.2,8331.5,9223,9806.2,10149.7,9618.4,9362.6,9337.7,9208.5,9375.2,9660.7,9755.1,10037.1,10218.8,10016.2,9231.7,8124.2
7030.6,6479.2,6183.3,6020.4,5901.8,6052.1,6512.7,7251.2,8061.4,8872.5,9471,9671.6,9184.5,8845,8873.6,8799.5,8966.9,9367,9647.8,9925.3,10193.1,10074.8,9200.5,7820.4
6785.3,6222,5906.2,5789.3,5755.9,5911.1,6777.2,7911.2,8904.3,9880.9,10482.4,10724,10066.1,9707.3,9871.6,9828.8,10130.7,10297.4,10236.4,10454.6,10595.4,10387.8,9458.5,8104.1
7025.8,6458.7,6177.8,6003.2,5955.2,6097.7,6933.8,8057.9,9023.2,9954.1,10546.4,10752.2,10066.1,9773.9,9913.2,9984.6,10141.1,10432.4,10352.4,10535.1,10666.5,10386.1,9478.7,8126.2
7078.3,6455.8,6182.8,6056.6,5954.1,6109,6909.1,8084.3,9079.6,10009.5,10537.2,10842.5,10237.9,9823.6,9980.6,10020,10347.5,10607.2,10727.1,10805.5,10700.4,10319,9349.2,8065.7
7007.3,6475.2,6212.1,6040.3,6017.9,6202.6,6978,8094.7,9084,10023.3,10550.8,10849.5,10190.5,9845,10019.8,10023.5,10320.2,10562.9,10383.6,10560.8,10711.7,10469.7,9506.8,8251.2
7074.1,6541.9,6233.5,6049.1,6068.2,6170.3,6952.5,8083.4,9011.2,9987.2,10602,10831.3,10185.1,9922.8,10209.3,10138.6,10360.7,10608.4,10513.6,10569,10542.2,10218.3,9297.5,8084.1
7051.1,6441.6,6136.5,5974.2,5962.9,6047.9,6505.9,7294.9,8230.8,9101,9657.7,9905.9,9355.1,9179.2,9216.4,9087.2,9305.6,9600.9,9716,9810.1,10088.7,9850.3,9171.1,7960.7
6986.1,6389,6017.1,5857.9,5850.6,5965.2,6484.1,7234.1,8087.6,8893.9,9571,9819.4,9265.5,8962.7,8926.1,8930.4,9175.6,9550.4,9694.9,9792.3,10199.4,9923.6,9130.5,7829.5
6810.2,6189.5,5938.3,5800.6,5727.8,5901.4,6802,7876.3,8844.4,9868.3,10472.5,10788.8,10185.3,9785.3,9977.4,9977,10181.6,10382.5,10279.7,10295.6,10550.8,10259.5,9376.7,8061.8
7018.7,6451.5,6185.8,6015.9,5925.6,6146.1,6899.2,7955.2,8884.8,9901.5,10486.9,10810.6,10185.3,9767.5,10013.2,10029,10239.5,10406.6,10319.1,10318.4,10545.3,10320.3,9412.8,8090.4
7079.7,6470.9,6133.9,5987.4,5964.4,6092.3,6885.7,7876.6,8886.1,9828.3,10445.6,10728.6,10074.8,9772.8,9976.1,9976.4,9982.6,10169.2,10026.1,9860,10163.1,9874.1,9195.9,8023.1
6957.1,6323.1,5963.1,5832,5725.9,5803,6281.8,6923.7,7574.6,8135.8,8833.9,8941.1,8652.5,8398.4,8249.2,8223,8455.6,8915.1,9244.2,9046.4,9131.2,8859.8,8133.9,7084.8
6198.2,5720.7,5470.7,5364.8,5292.1,5385.9,5996.2,6734.6,7541.2,8192.9,8771.6,8998.2,8532.5,8208.7,8220.2,8120,8454.4,8849.1,9030,8868.3,9261.4,9133,8444.8,7391.4
6480.9,5920.8,5631,5452.4,5459.3,5521.1,6095.3,6861.7,6433,8456.3,9151.6,9435.8,8926.2,8673.7,8597.2,8662.2,8866,9317.4,9419,9485.3,9866.1,9664.1,8594.1,7411.2
6484.2,5952.6,5673.9,5535.2,5506,5712.4,6513.3,7604.3,8582.3,9584.1,10204.8,10379.7,9773.1,9285.4,9374.1,9459.4,9726.3,9999.1,10023.9,10008,10283.9,9937.4,9058.9,7782.7
6836.4,6257.7,6035.8,5863,5828.2,5995.5,6798.2,7869,8813.4,9853.1,10387.6,10568.6,9999.8,9526.6,9668,9684.9,9870.4,10166.6,10187.7,10081.6,10440.1,10119.1,9206.4,7907.9
6879.9,6333.9,6045.1,5905,5844.6,6040.6,6789.8,7925.3,8949.7,9818.7,10381.3,10634.7,9992,9573.5,9705.1,9716.5,9966.3,10255,10264.1,10280.4,10537.3,10126.2,9132.5,7841.8
6845.8,6327,6046.6,5919.7,5865.1,6067.1,6928.1,7960.9,8965.7,9997.6,10567.5,10770.8,10136.3,9702.5,9861.8,9881.3,10125,10410.4,10274.6,10201.7,10515,10317,9428.2,8088.9
6991.3,6435,6136.1,5987.4,5963.7,6100.3,6967.6,8039.3,8968.3,9992.6,10581.3,10866.7,10156.2,9722.8,9892.5,9931.5,10176.7,10433.9,10345.4,10338,10608.8,10283.7,9328.3,8028.4
7039.7,6429.5,6165,5985.7,6009.2,6134,6929.6,8007.5,9023,10010.7,10619,10865.7,10190.4,9817.5,9955.7,9938.7,10137.2,10414.4,10183.7,10192.2,10423.8,10111.4,9368.1,8120.4
7074.5,6493.6,6201.7,5959.7,5865.1,5954.7,6525.2,7341.4,8241.7,9096.1,9688.4,9976,9382.6,9063.9,9081.4,9002.8,9192,9679.6,9714.6,9712.5,10001.9,9719.3,9033.1,7843.7
6824.8,6208.6,5946.9,5742.3,5707.3,5796.9,6128.7,6871.3,7718,8687.8,9455.6,9729,9317.3,8893.9,8775.6,8571.1,8872.5,9400.4,9605.7,9652,9878.1,9703.4,8857.2,7647.4
6608.4,6053.6,5796.8,5674.4,5626.1,5863.9,6745.4,7791.5,8761.5,9844.7,10554.2,10760.8,10198.7,9765.5,9889.8,9901.8,10082.5,10325.8,10145.6,10045,10375.5,10183.2,9284.2,8010.1
6907,6327.4,6015.5,5851.8,5864.8,5955.6,6655.7,7673,8997.9,10010.5,10685.1,10912.9,10344.4,9951.1,10160.6,10172.5,10368.9,10535.7,10407.1,10317.2,10692.4,10470.1,9482.1,8190.6
6994.2,6471.4,6178.8,5980.3,5974.4,6130.8,6869.6,7925.9,8951,9924.9,10535.8,10737.8,10151.9,9763.8,9915.3,9836.5,10046.8,10291.6,10159.1,10140,10416.2,10256.1,9399,8059.6
6959.8,6444.9,6173.6,6015,5987.8,6113,6967.9,7998.4,9009.4,9950.3,10663,10919.6,10301.6,9900.6,10118,10140.6,10443.9,10634.4,10518.4,10398,10632.2,10482.2,9534.8,8226.9
7074.4,6504.2,6236,6062,6048.8,6161.8,6992.1,8064.8,9184.3,10235.3,10911.4,11283.9,10594.1,10208,10405.3,10449.8,10612.7,10824.8,10546.6,10385.6,10715.1,10367.1,9620,8340.2
7308.7,6570.9,6263.9,6094.3,5994.3,6103.1,6669.3,7424.2,8374.6,9194.4,9958.5,10291.8,9728.3,9462.1,9510.8,9465.2,9582.8,10066.4,10066.3,9936.4,10310.5,10068,9294.7,8141.6
7142.1,6443.4,6124.9,5985.2,5905.4,6018.6,6535.5,7285.2,8138.5,9110.4,9844.7,10164,9737.5,9443.3,9559,9497.3,9763,10193.4,10280.5,10312.1,10642.2,10414.4,9525.3,8172.8
7120.3,6475.3,6185,5989.3,5910.2,6058,6824.7,7974,9120.2,10398.1,11142.5,11565.7,10986.3,10699.7,10953.8,11074.7,11356.1,11507.9,11230.7,11000.3,11234.2,10999.3,10034.1,8730.9
7562.4,6922.2,6621.8,6361.5,6342.5,6481,7216.1,8349.9,9507.4,10864.7,11699.5,12018.2,11512.7,11214.8,11438.3,11559.9,11848.8,11872.8,11518.2,11244.4,11459.9,11227.3,10358.9,8857.1
7662.6,6658.2,6314.4,6116.1,6046,6192.8,6929,8020.1,9213.8,10927.5,11816.5,12192.4,11702.8,11498.4,11717.4,11885.8,12200,12312.4,11963,11711.6,11987.3,11766.2,10657.5,9248.3
8029.7,7378.9,6950.9,6739,6667.6,6820.4,7490.9,8682.3,10081,11656.3,12725.6,13277.9,12903.8,12572.2,12691.4,12746.7,12834.6,12855.9,12331.1,12067.2,12271.6,12134.1,11176.1,9670.1
8386.4,7631.7,7254.8,7000.6,6943.6,7016.4,7719.1,8849.4,10359.4,12026.7,13208.5,13649,13244.9,12901,13011.1,12969.1,13128.7,12897.5,12428,12178.1,12356.6,12177.8,11402.7,10002.1
8715,7893.2,7509.8,7215,7024.6,6925,7231.9,7916.6,8922.8,9919.1,10791.2,11124.6,10657,10346.1,10344.1,10218.9,10347.8,10810.8,10885.3,10633.2,10907.5,10667.6,9896.7,8776.5
7709.1,7064.4,6766.3,6553.7,6517,6546.5,7037.2,7775,8671.4,9609.9,10465.4,10800.4,10366.2,10118.3,9995.6,9913.1,10121.5,10472.8,10514.5,10272.7,10697.5,10686.5,9899.3,8539.7
7510.2,6853.9,6535.1,6345.2,6247.9,6456,7233.8,8348.6,9832.6,11426.7,12376.9,12788.5,12387.7,12124.8,12305.2,12438.9,12622.2,12740.1,12242.7,11867.5,12036.1,11860.4,10925.3,9453.4
8116.6,7416,7045.8,6858.8,6746.9,6885.6,7610.8,8822.8,10328.9,11919.7,12820.3,12999.7,12458.1,12102.6,12187.6,12031.9,12320,12507.4,12059.1,11749.9,11922.5,11832.8,10889.4,9448.4
8207.6,7499.5,7155.3,6849.8,6750.3,6914.2,7611,8796.1,10366.5,12061.9,13107.8,13492,13166,12971.4,13323,13550.9,13686.7,13610.8,12991.4,12718,12927.1,12830.4,11929.9,10407.3
9018.6,8169.4,7706.1,7459.5,7269.5,7360.5,8099.2,9292.2,10929.7,12823,14095.5,14677.6,14442.4,14362.1,14590.7,14765.9,14850.3,14841.2,14233.8,13908.2,14106.5,14088.8,13192.6,11562.4
9987.7,8984.3,8521.3,8166.8,7974.3,7975.1,8644,9704,11451.7,13330.3,14406.1,15015.1,14748.2,14680.2,14895.9,14939.1,14991.6,14768.1,13929.2,13462.6,13505.6,13379.9,12721.7,11231.7
9819,8888.8,8350.2,7943,7719.4,7672.3,8068.7,8770.5,9848.2,11113.6,12230.6,12872.9,12794.9,12823.3,12833.7,12910,13150,13330,13215.7,13191.9,13549.7,13442.8,10646,9230.7
8240.1,7578.1,7181.1,7014.2,6883.2,6938.3,7306.7,7906.8,8834,9698.5,10678.9,11147.1,11077.5,11090.1,11154.7,11024.2,11061,11135.6,10899.7,10553.5,10654,10382.4,9620.1,8602.1
7666.4,7061.6,6684.2,6500,6366.4,6413.6,6878.8,7506.3,8269.4,8983.3,9890.9,10179.4,9948.1,9680,9572.4,9712.9,9903.1,10326.8,10369.7,10170,10557.5,10622.3,9908.1,8632.3
7549.1,6907.1,6591.3,6386.1,6328.9,6473,7194.2,8390.3,10085.2,11819,12918.6,13378.1,13045.6,12806.9,12977.2,13144.9,13311.6,13396.5,12771.6,12338.7,12341.4,12267.3,11256.8,9731.1
8493.1,7711,7365,7122.1,7018,7154.3,7888.9,8971.4,10628.1,12360.5,13376.2,13761,13217,12956.6,13228.6,13164.3,13170.9,13096.7,12609.5,12229.4,12305.1,12255,11366.1,9890.6
8733.8,7977.1,7573.7,7318.1,7218.5,7260.9,7947.1,9114,10899.1,12728.2,13832,14296.1,14001.8,13879.5,14048.8,14222.1,14378.6,14367.5,13716.5,13333,13324,13407.3,12574.5,10906.9
9518,8633.1,8134.8,7789.8,7623,7631.9,8212.7,9272.4,11108.7,12733,13787.8,14004.3,13042.4,12002,11762.7,11529.5,11692.5,11922.1,11451.3,10767.7,10737.2,10626.6,9808.9,8657.5
7684.8,7089.8,6794.4,6609.1,6524,6625.4,7139.5,7868.7,8932.9,9969.8,10784.9,11151.5,10775,10526.7,10639.2,10738.4,10944.6,11209.3,11092.1,10822.9,10992.2,10987.2,10321.2,9118.5
8073.2,7354.9,6983.2,6714.4,6587.1,6624.6,7050.7,7800.6,8718,9762,10766,11216.1,11055.2,10910.6,10885.4,10282.2,10299.2,10623.3,10443.5,10264.5,10483.1,10565.1,9778.5,8520.3
7488.8,6949.9,6640,6414.7,6403.5,6514.6,7311.9,8478.9,9914.8,11463.7,12336.8,12835.1,12427.8,12099.1,12301.7,12359.6,12587.2,12553.4,11981.8,11578.3,11509.5,11386.1,10342.6,9038.6
7940.5,7306.3,6990.9,6792.8,6763.6,6830.4,7506.2,8659.3,10012.4,11412.2,12256.3,12699.4,12332.4,12110.7,12033.8,11793.6,11836.9,11912.1,11500,11159.6,11221.3,11112.3,10167.8,8898.3
7819.3,7223.5,6946.6,6805.9,6684.5,6825,7556.2,8675.2,10198.5,11611.6,12449.9,12722,12272.8,12024.8,12241.9,12341.9,12592.3,12678.6,12232.3,11759.5,11790.5,11750.1,10829.4,9418.7
8254.6,7613.5,7240.3,7015.9,6920.7,7010.2,7762.5,8893.3,10549.2,12177.4,13262.7,13735.6,13403.6,13140.9,13290.9,13443.3,13675.8,13728,13154.1,12735.9,12720.1,12735,11822.8,10285.4
9021.5,8227.6,7814.7,7525.4,7432.3,7556.3,8158.2,9270.4,10975.1,12850.3,13914.7,14387.2,14056.3,13786.1,13918.7,13973.9,13974.9,13745.9,12369,11611.7,11522,11554.5,10785.7,9552.9
8492.9,7797.4,7403.7,7192.3,7111.1,7055.9,7543.7,8289.3,9379.8,10632.1,11771.7,12347.5,12164.6,12224,12319.5,12366.1,12503.2,12737.6,12633.1,12344.9,12490.9,12850.3,12110,10737.2
9359.3,8499,7941.5,7605.5,7461.4,7382.9,7836.5,8549.4,9603,10812.8,12115,12768.7,12830.9,12771.9,12376.8,12225.9,12427.4,12775.1,12699,12202.1,11992.4,11721.5,10817,9526.6
8485.6,7783.1,7459.5,7219.1,7104.5,7191.3,7812.7,8990.6,10654.9,12622.6,13744.6,14213.4,13566.7,13430.4,13681.2,13861.4,14010.6,13954.8,13370.5,13059.2,13085.8,13133.3,12135.9,10548.8
9261.4,8474.7,7900.3,7492.8,7218.2,7123.2,7701.4,8703.9,10053.9,11381.8,12153.8,12554.2,12445.3,12319.2,12503.3,12636.6,12772.3,12535,11760.8,11179.9,11494.5,11517.8,10556.2,9180.6
8148.2,7563,7246.8,7012.6,6924.9,7010.2,7687,8889.5,10411.6,12104.7,13168.2,13516.5,13285.1,13081,13174.6,13372.3,13599.4,13577.8,12989.6,12496,12445.5,12433.6,11465.3,10065.6
8845.9,8151.4,7699.7,7367.8,7257,7320.4,8073.4,9207.6,10897.6,12590,13488.6,13837.8,13364.8,13031.8,13070.2,13041.5,13119.7,13085,12579.3,12230.1,12183.8,11960.3,10989.9,9548.9
8330,7614.4,7267.3,7023.7,6961.9,6997.5,7630.3,8822.3,10184.6,11470,12371.8,12760.3,12489.8,12311.2,12438.5,12564.2,12789.5,12777.4,12239.4,11783.4,11647.8,11556.5,10789.4,9515.2
8487.6,7779.8,7361.8,7074.7,6960.6,6983,7426.3,8125.3,9166.5,10260.7,11115.2,11551.9,11252.1,11093.6,11161.2,11172.7,11240.1,11466.8,11458.5,11188.5,10944.6,10656.1,9784.5,8694.5
7751.2,7191.1,6877.2,6706.4,6594.8,6681.6,7098.8,7856.4,8790.5,9812.9,10831.2,11250.1,11123.8,10942.1,10803.3,10731.4,10929.9,11354.7,11209,10746,10781,10978.7,10107.6,8826.7
7780.7,7161,6826.8,6600,6537.2,6726.6,7447,8710.9,10266.2,11973.8,12919.3,13300,13004.4,12728.4,12978.8,13044,13241.2,13216.7,12699.2,12238.6,12169.8,12225.2,11217.4,9813
8577.5,7815.5,7388.9,7185,7008,7092.2,7807.9,8959.3,10659.9,12421.7,13526.1,14003.6,13635.9,13340.3,13503.9,13578.9,13835.1,13767.2,13182.2,12727,12836.6,12955,11937.5,10397.9
9080.8,8281.6,7827.8,7501.7,7357.6,7377,8073,9207.5,10883.5,12555.3,13356.2,13731.8,13258.1,12867.4,12841.1,12814,12894.3,12929.7,12548.2,12134.7,12201.8,12160.9,11113.1,9744.6
8654.2,7969.8,7612.2,7360.9,7287.6,7329.6,7999.5,9223.7,10960.9,12873.2,13998.4,14683.6,14507.4,14420.3,14558.1,14656.7,14867.2,14914.9,14217.2,13682.2,13521.9,13671.4,12710.8,11082.3
9612,8728.3,8265.3,7845.5,7669.3,7677.4,8337.4,9526.6,11283.8,13092,14080.2,14411,14128.2,13860.7,13427.2,14102.7,14279.3,14139.3,13489.1,13101.7,12974.2,13180.4,12426.3,11050.4
9686.9,8731,8210.4,7751,7569.9,7516.4,7973.7,8862.2,10057.3,11530.2,12703.2,13422.7,13292.4,13346.1,13442.1,13497.4,13685,13918.7,13695.4,13352.6,13345.6,13742.1,13116.4,11795.6
10290.1,9365.4,8753.2,8275.8,7970,7873,8256,8950.6,10070.4,11517.5,12803,13659.4,13673.2,13667.8,13613.9,13708.2,13935.6,14123.8,13875,13516.1,13729.8,14266.7,13536.7,11985
10407.4,9476.5,8828.1,8380.7,8115.1,8133.4,8715.6,9819.7,11748.4,13903.9,15226.1,16060.5,16071.4,16089.1,16108.6,16148.5,16096.6,15894,15106.8,14689.2,14565,14961.6,14111.1,12485.3
10879.8,9916.6,9281,8811.8,8560.3,8453.9,8996.5,10114.9,11983.9,14090.6,15406.8,15938.9,15584.9,15317.4,15233.2,15459.8,15582.8,15644.7,15170.6,14899.4,14947.8,14058.7,12023,10243.6
9136.4,8451.8,8075.8,7823.6,7635.7,7628.6,8311.2,9419.6,11012.7,12573.2,13583.3,13940.4,13467.2,13205.4,13275.8,13393,13597.2,13790.1,13428.4,13111.4,13071.1,13079,12089.6,10608.2
9314.6,8524,8118.7,7857.8,7662,7696.3,8360.1,9561.2,11408.2,13263.7,14336.3,14713.1,14507.6,14478.7,14685.8,14779.3,14903.2,14860.4,14397.8,14101.1,14187.3,14370,13312.7,11653.2
10065,9124.8,8609.5,8267.1,8046,8054,8667.4,9845.4,11742.3,13949,15240.3,16117.1,16118.7,15997.9,15951.5,15913.1,16055.6,15761.6,14957.4,14357.6,14282.9,14354,13433.6,11920.3
10509.1,9549.1,8916.2,8395.6,8225.7,8130.6,8517,9168.4,10524.8,12035,13443.5,14240,14192.3,14133.6,14141.5,14062.8,14126.2,14256.8,13973.6,13682.8,13707.5,14077.2,13515.8,12096.8
10642,9673.6,9050.8,8541.4,8323.4,8190.6,8474.9,9270.1,10413.3,11859,13192.1,14027.2,14217.1,14401.2,14293,14150,14367.6,14559.2,14601.7,14418,14548.7,14969.8,14064.8,12275.8
10575.7,9564.9,8938.3,8557.2,8277.6,8182.4,8763.8,10011,12075.5,14346.9,15720.7,16573,16571.4,16388.3,16348.5,16166.7,16198.6,16116.2,15833.2,15315.3,15470,15620.4,14634,12782.5
11011.9,9967.2,9375.8,8984.9,8701.8,8665.7,9035.7,10382.3,12440.8,14648.9,16060.7,16545.9,16235.9,15881,15700,15441.4,15388.1,15115.9,14493.1,14164.1,14208.8,14524.2,13795.6,12191.1
10620.7,9630.6,9061.8,8751.8,8532.1,8490.4,8955.4,10043.1,11780.5,13531.9,14593.4,15211.7,14859,14723.1,14830.5,14739.4,14773.8,14679.1,14525,14306.9,14809.2,14929.7,14129,12394.4
10816.2,9273.4,8740.4,8500.5,8266.8,8316.5,8930.6,10091.1,12124.7,14144,15489,16287,16067,15978.3,16134.1,16197.3,16338.6,16205.2,15521.8,14934.5,14765.9,14923.2,14077.9,12468
10784,9802.6,9209,8831.3,8588.2,8496.5,9106.9,10438.2,12440.7,14430.7,15641.8,16244.5,16180.4,16020.7,16152.6,16108.5,16133.7,15932.8,15276.8,14676.4,14718.8,15116.4,14551.1,13119.4
11446.1,10331.9,9604.9,9111.4,8812.9,8580,8893.6,9649.7,10839.3,12276.1,13372.1,13997.6,13820.1,13957.2,14087.3,14132.8,14293.8,14379.9,14085.3,13591.3,13665.1,14106.7,13615.3,12313.4
10792.1,9698.5,9125.6,8723.8,8436.6,8344.9,8702.5,9339.1,10568.5,11867.7,13128.3,13927.3,14004.9,14233.7,14293.4,14323,13922.2,13482.7,13512,13355.1,13724.5,14243.1,13608.8,12052.1
10523.8,9561.6,9026,8707.4,8532.5,8462.5,8925.6,10114.5,12082.7,14354.5,15727.5,16469.8,16533.7,16558.3,16386.6,16393.2,16582.8,16624.1,15860.2,15311.3,15346.4,15460.8,14470.3,12740.8
10983.6,9818.3,9220.3,8810.3,8603.4,8467,9096.4,10257.2,12174.5,14253.8,15489.9,16193.1,16064.5,15817.9,15814.1,16013.3,16148,16050.7,15328.2,14767,15032.5,14974.9,13746.8,12195.4
10757.2,9778.3,9279.9,8899.9,8615.1,8541.8,8992.2,10301.9,12227.8,14316.6,15484.6,15917.4,15383.6,15278.4,15798.1,16121.8,16272.4,16061.7,15301.7,14510.2,13787.2,13508.1,12447.5,10966
9678.9,8879.1,8465.3,8217.9,8075.4,8025.2,8669.5,9889.4,11754.7,13553.9,14679.3,15365.6,15021.4,14888.6,14793.1,14855,15023.9,15121.4,14848.8,14697.4,14870.9,14865.9,13963.5,12223.5
10616.4,9680.1,9130.7,8762.9,8476.2,8431.5,8908,10223.9,12159.1,14286.1,15635.4,16448.6,16681.3,16756.2,16895.9,17004.1,17098.8,16988,16441.5,16174.8,16263.2,16559.5,15691.8,14128.6
12251.8,10888.3,10225,9700.5,9397.3,9138.8,9491.3,10329,12066.3,14174.9,15878.2,16845.9,16897.3,16838.6,16689.3,16663.4,16656.1,16741.9,16524.9,16129.8,16311.5,16792.7,16009.7,14098.1
12239.8,11088.5,10404.3,9956.1,9592.4,9370.7,9589.9,10388.1,11892.2,13648.6,15337.8,16354.5,16664.4,16718.9,16640.3,16635.1,16766.7,16859,16714.3,16378.9,16793.8,17273.3,16519.1,14788.7
12923.2,11728.6,11088.4,10584.4,10256.9,10045.5,10260.1,11044.5,12808,14809,15831.1,16508.1,16669.9,16595,16695.4,16918.6,16894.9,16826.9,16021.9,15471.7,15514.1,15720.3,14944.1,13265.1
11675.1,10712.5,10184.8,9696,9405.9,9233.3,9584.8,10708.8,12444.5,14305.7,15161.4,15541.4,15150.6,14796.8,14741.4,14739.5,14856.9,14791.4,14123.2,13859.9,14081.6,14089.3,13286.7,11870.2
10378.3,9559.2,8995.9,8691.3,8474.6,8342.2,8913.2,10092,11898.4,13560.2,14540.7,14935.5,14748.7,14644.5,14689.2,14765.9,14999.8,14934.4,14505.6,14237.9,14495.6,14552.7,13749.4,12219.9
10624.7,9668.8,9142.4,8774.2,8569.9,8521.5,9022.6,10221,11969.1,13942.6,14771.3,15289.3,14916.2,14726,14709.1,14821.9,14960.6,15007.7,14582.3,13981,13866.8,13752.4,12947.3,11441
10043.4,9099.7,8591.4,8285.4,8096.2,8086,8669.8,9920.7,11839.9,13770.9,14887.1,15649.3,15467.4,15343.5,15462.9,15538.8,15667.7,15559.9,14687.3,14070.8,14126.4,14145,13372.7,12002.2
10566.1,9617,8955.7,8668.5,8376,8250.1,8678.3,9431.5,10783,12438.3,13922.3,14891.7,14950.6,15125,15201.7,15117.5,15079.2,15131.7,14798.7,14301,14423.4,14507,13686.2,12209.1
10685.1,9667.7,9051.6,8624.8,8394.9,8221.1,8548.8,9322.7,10585.6,12143.8,13530.4,14436.1,14778.3,14971,14948.9,15018.3,15102.7,15269.3,15057.6,14625.5,14858.6,15012.6,14331.9,12666
11018.5,9962.9,9369.5,8919.6,8643.2,8567.2,9066.1,10450.9,12571.5,14914.2,16413,17297.2,17366.2,17322.8,17228.4,17261.6,17316,17118.3,16306.8,15813.8,16056.3,16239.4,15380.6,13709.1
11860,10745.9,10056.4,9625.9,9339.2,9230.8,9576.3,10821.3,12919.9,15205.9,16740.8,17413.1,17435.8,17278.8,17210.9,17099.6,17102.7,16839.3,16148.9,15839.1,16202.5,15993.3,13870.5,11994
10495.1,9516.8,9039,8736.7,8521.2,8484.6,8849.7,10002.4,11646.2,13464.3,14483.7,14846.1,14550.2,14623.6,14930.5,15074.2,15208.4,15297.8,14677.3,14334.1,14583.1,14517,13638.1,12107.2
10521.6,9599.8,9061.8,8666.5,8488.3,8422,8972.5,10141.1,12060.3,14141.9,15340.1,16013.6,15997.5,15961.7,15956.5,16006,16012.3,15897.2,15287.4,14864.8,15120.3,15071.6,14207.2,12457
10826,9822,9264.9,8875.6,8624.5,8489.8,9032.7,10199.3,12166.5,14115.9,15446.9,16242.4,16343.5,16208.9,16320.9,16290.4,16393.4,16182,15616.3,15230.5,15526.4,15584.8,14753.4,13233.2
11593.8,10443.5,9734,9323.3,9032.4,8885.8,9148.4,9890.4,11272.5,13082.3,14794.8,15818.8,16007.4,16140,16100.4,16013.5,16051.2,16070.9,15805.4,15494.2,15961,16075.6,15383.5,13755.2
12084.3,10951.2,10239.7,9726.4,9418.2,9218.6,9443.1,10262,11603.4,13456.9,15173.7,16429,16769.6,16694.4,16269.7,15794.5,15333,15586.9,15514.4,15230,15806.9,15839.5,14922.5,13214.7
11576.4,10498.6,9862,9437.9,9151.9,9046.3,9431.9,10597.5,12580.2,14173,14769.1,14761.7,13833.3,13119.2,12752.3,12937.3,13572.7,13832.9,13358.4,12977.6,13233.7,12937.3,12245.2,11040.4
9948.1,8215,7679.6,7463.7,7362.7,7400,8088.9,9227.6,10939,12605.2,13749.5,14477.7,14340.4,14213.5,14383.7,14592.8,14696.3,14538.7,13757.2,13327.4,13541.1,13250,12388.8,10963.4
9581.5,8781.5,8254,8018.2,7861.6,7825.7,8418.7,9654.9,11565.8,13466.5,14550.8,15235.8,14926.2,14580.8,14576,14583.6,14565.6,14470.4,14020.3,13524.6,13902.3,13795.2,12912.4,11454.1
9979,8969.9,8473.4,8181.8,7895.5,7868.3,8481.8,9757.7,11498.2,13415,14640.6,15307.9,15066,14923.8,15031.2,15141.1,15220.3,15094.4,14391.7,13872.7,14232.6,13992.6,13045.6,11426.6
9908,9025.8,8523.6,8119.2,7971.3,7927.5,8487.1,9770.1,11563.9,13463.5,14645.9,15403.3,15251.1,14980.9,15041.9,14810.6,14787.7,14593.8,13893.7,13335.9,13539,13300.5,12534.1,11189.1
9919.7,9010.7,8417.6,8124.3,7878.9,7819.9,8235.5,9027.9,10277.2,11722.2,12921.3,13627.1,13576.3,13550.8,13545.9,13417.2,13446.4,13479.2,13096.5,12808.8,13161.7,12616.7,11123.8,9857.8
8827.5,8084.9,7770.2,7449.1,7303.2,7263.9,7766.6,8543.4,9698.8,11039.1,12158.1,12912.8,12977.9,13043.6,13140.7,13250.1,13421.4,13707.1,13578.4,13197.3,13798.9,13768.5,12911.2,11396.6
9902.5,8947.4,8420.4,8014.6,7816.9,7691.1,8335,9604.2,11539.2,13531.5,14673.8,15197.3,14992.9,14827.7,14960.5,15071.5,15218.4,15132,14394.1,13809.3,14094.8,13943.6,12997.5,11510.6
10035.4,9125.1,8542.3,8197.2,7924.1,7883.7,8460.8,9694.5,11466.1,13306.9,14499.1,15092.5,15008.8,14926.6,14983.7,14937.1,14879.9,14701.7,14133.5,13772.3,14180.3,13925.6,12834.4,10752.5
9264.2,8509.4,8149.3,7900.2,7735,7690.2,8063.1,9200.5,10733.6,12247.3,12920,13050,12294,11889.8,11864.5,11879.7,12138.3,12337.5,11947.4,11648.5,11794.6,11442.3,10517.4,9298
8244.9,7617.4,7232.4,7023,6993.4,7014.7,7683.6,8901.8,10445.2,12007.6,13008.2,13584.2,13326.6,13149.2,13417.6,13578.8,13664,13619.7,13054.5,12576.1,12662.1,12182.8,11148,9714.2
8588.5,7907.7,7555,7267.5,7175.4,7154.9,7841.4,9052.4,10702.2,12446.4,13471.6,14050.1,13760,13532,13785,13830.6,13990.3,13879.4,13062,12604.3,12861.9,12563,11744.6,10452.4
9198.6,8434,7897.6,7595,7422.6,7337.8,7811.9,8549.4,9729.6,11138.4,12279,12998.2,12914.3,12963,13089.9,13101,13148.8,13232.3,12997,12834.3,13326.7,13118.8,12246.3,10931.2
9638.7,8769.5,8093.8,7685.8,7466.1,7399.3,7747.9,8439.5,9538.2,10697.6,11766.1,12464.1,12490.9,12462.2,12329.7,12326.3,12419.3,12625.3,12472.6,12320.3,12742.5,12527,11626.8,10288
8986.5,8278.9,7763.9,7463.6,7317.3,7349.5,7939.4,9235.1,11000.5,12776.6,13922,14767,14503.7,14518.1,14618,14634.4,14781.4,14587.6,13895.2,13442.5,13694.7,13228.8,12098.8,10530.5
9256.2,8462.3,8028.3,7761.6,7650.5,7564.4,8237.2,9489.9,11337.1,13318.6,14363.2,15153.5,15075.8,14989.1,15126.6,15198.5,15183.8,14982.9,14377.3,13890.2,14089.9,13697.8,12647.5,11111.2
9690.4,8757.4,8345,7972.3,7886.4,7876.7,8437.6,9590,11511.8,13507.3,14793.7,15622.6,15432.5,15254.6,15402.4,15424.6,15621.9,15403.2,14565.2,14275.9,14539,14273.8,13220,11639.4
10177.8,9217.9,8686.2,8390.4,8182.7,8140.1,8669.8,9952.7,11722.7,13575.3,14593.3,15149.2,15199.3,15378.2,15668,15903.8,15984.9,15933.5,15291.6,14998.7,15353.8,14051.4,12470,10739.4
9433.2,8706.9,8256.8,7963.8,7794.8,7803.2,8350.6,9557.4,11236.6,13020.9,14030.4,14345.1,13930,13559.5,13685.3,13709.7,13852.3,13870.1,13462.6,13357.3,13565.7,13137,12322,10965.2
9664.2,8747.1,8239.5,7847.8,7695.7,7652.1,8056,8880.8,10080.6,11676.9,12992.6,13743.1,13786.7,13878.4,13946,13688,13653.6,13866.8,13808.9,13857.5,14271.6,14035.9,12951.9,10679
9163.8,8374.9,7941.6,7658.6,7528.5,7503.6,7773.5,8502.7,9485.1,10526.9,11384.6,11932,11912.1,11905,11996.1,12047.2,12199.3,12514.3,12369.5,12268.4,12728.4,12493.6,11743.2,10301.3
9023.8,8279.3,7774.5,7508.9,7376.2,7406.6,7972.5,9237,10979.6,12695.6,13755.1,14132.7,13811.5,13628.8,13797.7,13916.4,14032.4,13954.6,13318.9,12813.9,13064.4,12656.3,11706.1,10228.2
9056.7,8292,7870.3,7588.3,7440.5,7498.4,8049.9,9237.8,10915.4,12668.6,13741.2,14358.3,14263.2,14153.3,14372.2,14419.3,14562.4,14390.9,13717.5,13283.3,13491.8,12984.3,12006,10555.8
9244.8,8435.5,7959.8,7680.7,7507.4,7654.6,8120.4,9294.1,10951.3,12684,13820.5,14566.8,14477.1,14540.2,14660.7,14788.1,14800.5,14648.3,14010.8,13704.2,13974.4,13621.1,12636.6,11123.6
9805.6,8933.7,8455.6,8143.9,7976.5,7998,8477.5,9575.7,11255.7,12850.2,13518.2,13834,13553.3,13504.4,13468.7,13432.7,13535.9,13537.4,13166.4,12999.9,12872.4,12105.1,10950.5,9457.6
8395.7,7845.1,7493.9,7227.5,7152.1,7237.8,7817.7,9076.5,10593.7,12110.7,12728,13177.9,13047.6,12812,12849,12880.7,13058,13115.7,12568.3,12407,12416.5,12010.7,11192.4,9984.5
8838.5,8063,7675.1,7422,7310.2,7367.9,7707,8504.3,9680.6,10844.8,11725.5,12147.6,11742.1,11613.3,11592,11544.4,11701.3,11961.9,11979,12004.2,12076,11671.5,10687,9258.3
8285.2,7562.4,7197.7,7030.5,6895.1,7024.5,7309.4,7998.9,9057.8,10103.1,11044,11534.8,11378.7,11183,11202.7,11092.9,11135.9,11488.5,11527.2,11527.7,11651.5,11216.1,10169.4,8964.1
7972.9,7333.4,7049.3,6788.9,6791.2,6866.4,7583.3,8893.1,10374.9,12034.8,12904.3,13245.2,12732.9,12397.3,12433.2,12511.8,12687.9,12767.4,12388.5,12374.5,12182.9,11339.7,10050.4,8692.3
7740.8,7282.9,6946.9,6752.8,6690.2,6848.5,7412.4,8628,9968.2,11280.2,12034.9,12165.7,11594.1,11246.7,11334.3,11320.1,11467.3,11704,11314.1,11304.1,11142.2,10658.3,9711.4,8482.7
7536.1,7002.2,6711.3,6540.8,6489.9,6658.4,7313.2,8600.8,9852.6,11233.5,12075.1,12480.3,12006.3,11804.5,12115.3,12119.6,12213.9,12328.8,11754.4,11774.3,11658.9,11206.2,10162.6,8935.8
7846.6,7213.5,6884.6,6710.1,6663.6,6806,7494.7,8669.6,10073.1,11551.9,12564.7,13073.1,12786.7,12596.4,12924.4,12953.5,13104.3,13075.5,12523.3,12457.2,12301.5,11804,10759.9,9338.6
8237.7,7545.5,7176.7,6937,6854.4,6988.7,7663.6,8788.8,10182.5,11671.7,12582.3,13052.5,12801.1,12729.1,12981.5,12961.9,12913.5,12818.9,12338.9,12395.3,12252.7,11787.8,10916.5,9583.2
8467,7755,7332.3,7052,6960.8,7066.5,7395.1,8169.1,9125.6,10343.3,11227.3,11674.9,11443.6,11406.7,11449.6,11267.1,11380.6,11480.4,11482.9,11649.7,11656.3,11205.3,10443.6,9251.8
8173,7515,7118.2,6862,6798.1,6898.5,7214,7898.7,8880.5,9823.5,10652.7,11100.5,11043.2,10992.5,11001.3,10887.3,10983.7,11237.3,11317,11551.7,11488.4,11113.4,10354.8,9078.2
7891.4,7159.4,6715.3,6473.9,6323.3,6471.9,6813.2,7484,8262,9103.3,9967,10244.9,10118.5,9932.7,9847.4,9764.1,9851.7,10195.1,10236,10366.3,10379.4,10089.5,9286.5,8166.4
7181.5,6602,6291,6049.8,6040,6208.3,6881.3,8208.2,9569.7,11143.5,11949.1,12451.7,12242.1,12030.5,12277.5,12373.8,12501.3,12484.8,11966.5,12071.5,11854.5,11308.3,10296.4,8985.8
7875.3,7216.7,6939.8,6767.5,6630.7,6810.3,7439.1,8671.7,10049.5,11507.4,12427.4,12881.4,12443.7,12295.8,12408.3,12352.4,12475.2,12456.4,12048.8,12170.5,11887.1,11383.2,10316.8,9020.8
7941.2,7378.4,7052.1,6858.6,6802.7,6900.9,7527.9,8725.8,10097.3,11392.7,12200.3,12581.2,12218.9,11971.7,11952.3,11984.2,12181.8,12322.7,12122.6,12014.6,11616.8,11097.7,10083,8773.8
7746.4,7195.5,6952,6751.4,6673.8,6834.2,7371.2,8660.7,9885.8,11195.3,11910.4,12155.4,11590.7,11257.4,11460.2,11413.1,11545.6,11695,11460.1,11518.4,11161.6,10756.5,9982.7,8800
7825.8,7152.5,6812.2,6633.6,6545.7,6679.6,7097.8,7959.7,8943.8,10076.5,10862.5,11221.2,10854.4,10624.9,10644.8,10614.7,10774.7,10966.4,10940.1,11324.8,11056.1,10625.1,9812.6,8592.3
7628.7,7038.3,6684.8,6506.2,6434.9,6505.8,6883.7,7730.1,8651.5,9668.8,10307.6,10557.4,10038.8,9644.8,9615.9,9496,9757.8,10216.8,10383,10763.8,10526.8,10125.8,9179.1,8033.1
7113.8,6619.1,6350.6,6180.2,6115,6301.6,6969.9,8226.7,9403.1,10695.4,11387.4,11720.3,11200.7,10868.8,11049.9,11188.6,11344.6,11446,11168.6,11407.9,10972.8,10543.2,9622.4,8330.2
7408.9,6866.3,6563.3,6381.9,6222.8,6352.9,7016.4,8177.9,9365.5,10504.9,11262.3,11522.8,10802.2,10359,10543.7,10607.1,10756.5,11089.2,11009,11224.4,10739.1,10317.1,9416.2,8177.6
7241.9,6702.7,6494.5,6308.7,6274.8,6387.1,6920.8,8146.1,9329.6,10453,11023.2,11377.2,10755.1,10361.8,10592.7,10595.5,10810.6,11151.6,10945.6,11233.6,10747.1,10369.4,9470.6,8249.1
7273,6672.1,6403.4,6153.8,6119.2,6393.9,7081.6,8174.5,9263.2,10371.7,11048.1,11398.7,10904.1,10619.4,10843.6,10922.5,11078.9,11227.1,11337.7,11226.5,10745.5,10290.6,9382.5,8245.8
7305.9,6843.5,6487.9,6281,6165.1,6276.9,6953.7,8261.7,9284.5,10333.7,10984.1,11461.4,11056.4,10685.4,10803.5,10852.4,10989.8,11215.4,11134.4,11270.5,10851.3,10434.7,9339.3,8270.9
7407.6,6913.6,6575.6,6339.7,6255.2,6410,6754.4,7625.8,8634.8,9627.6,10414.7,10753.7,10366.3,10125.2,10250.2,10254.1,10369.6,10717.1,10785.6,11182.7,10758.6,10417.7,9527.8,8425.9
7525.1,6913.9,6543.7,6316.6,6300.5,6347,6610.3,7505.1,8426.8,9263.1,9412.4,9561.7,9711.1,9739.4,9857,9974.5,10092,10500.5,10643.4,10889.3,10756.1,10208,9210.4,8092.2
7022.9,6441.1,6229.9,6077.2,6080.8,6298.6,6829.4,8194.4,9383.2,10694,11403.8,11671.9,10927,10632.1,10811.6,10854.1,11290.5,11384.9,11383.6,11289.3,10897.3,10419,9414,8220.9
7203.2,6751.4,6469.6,6267.4,6254.5,6448.6,7057.3,8267.9,9418,10536.5,11155.8,11408.6,10721.1,10274.5,10412.8,10451.2,10719.7,11055.9,11018.5,11057.3,10722.9,10273.3,9266.5,8109
7112.8,6640.4,6331.1,6188.7,6191,6347,6964.7,8158.3,9300.8,10328.6,10990.7,11287.8,10868.9,10453.2,10664.9,10662.8,10840.3,11040.8,11006.7,11309.4,10961.3,10548.2,9611.4,8307.7
7304.6,6721.6,6426.1,6346.5,6237.1,6398.7,7031.7,8239.5,9297.9,10332.7,11006.8,11324.1,10662.2,10263.5,10458.1,10436.1,10624.7,10874.1,11030.4,11127.7,10763.8,10458.5,9526.2,8274.7
7250.4,6727.6,6437.4,6298.2,6219.4,6405.6,7013.8,8135.7,9271.8,10338.4,11022.9,11283.5,10613.1,10303.3,10439.2,10527.3,10681.8,10893.4,10893.9,11058.7,10716.5,10258.9,9516.3,8346.5
7295.2,6745.7,6450,6207.8,6178.5,6284.7,6649.5,7535.1,8492.5,9441.3,10135.4,10401.4,9867.3,9634.5,9589.3,9538.2,9749.1,10164.1,10408.8,10670.6,10429.7,10093.3,9281.5,8002.9
7061.6,6508.5,6256.1,6069,6059.7,6236.7,6790.9,7954.9,8944.2,10038.5,10701.8,11010.4,10331.7,9946.2,10124.1,10018.5,10314.7,10699.5,10770,10873.8,10552.3,10168.4,9254.8,8083.2
7131.5,6620.9,6325.9,6173.9,6085,6273.4,6850.5,8083.3,9107.2,10125.1,10775.4,10953.3,10327.8,9887.1,10051.9,9956,10215.4,10445,10612.8,10693.3,10391.1,10025.5,9081.2,7958.7
6936.6,6373.9,6136.3,5998.7,5962.8,6121.4,6687.8,7844.1,8840.9,9744.3,10196.2,10335.1,9716.1,9254.7,9256.5,9161.7,9266.9,9538.6,9804.6,9862.1,9605.5,9275.8,8496.9,7550.7
6607.8,6006.4,5748.4,5579.9,5520.4,5653.5,5965.3,6658.4,7330.1,7916.5,8418.9,8548.2,8324.2,8038,7835.6,7760.9,8019.1,8607.9,9004.5,9045.9,8828.3,8532.4,7828.8,6882.5
6125.2,5539.5,5308.7,5202.2,5237.9,5335.4,5745,6581.2,7203,7744.1,8291.6,8421.9,8106.6,7831.5,7759.6,7619.4,7866,8289.5,8758.2,9118.4,8902.7,8697.6,8063,7037.6
6244.1,5731.8,5512.6,5264.2,5241.9,5467,5714.5,6554.3,7359.5,7933.2,8584.9,8667,8251.8,7995.9,7886.3,7840.7,8018.6,8667.6,9135.5,9214.2,8940,8745,8017,7111
6271.1,5762.9,5512,5380.5,5348.4,5479.4,5755.5,6468,7469.4,8306.4,8871.2,9061.4,8595.9,8302.2,8203.6,8163.4,8436.4,8930.1,9263,9424.9,9194.2,8883.7,8292,7265
6440.5,5876.7,5648.7,5511.7,5453.4,5610.8,5995.3,6733.2,7569.1,8271.6,8779.7,8986.9,8471.3,8242.2,8194.5,8136.4,8377.3,8763.7,9212.8,9418.8,9241.1,9031.9,8389.4,7305.6
6496.6,5934.7,5677.8,5546.1,5465.6,5687,5965,6808.8,7737.6,8434.3,9006.9,9187.3,8686.4,8413.5,8417.5,8381.3,8529.8,9034.3,9530.7,9593.7,9476.7,9141.6,8519.8,7483.1
6602.5,6034.8,5775.1,5654.5,5599.9,5787.4,6033.1,6897.5,7798.6,8675.5,9233.1,9490.8,8983.2,8793.9,8721.7,8694.5,8947.7,9499.2,10021.4,10091.3,9957.6,9589.2,8795.1,7620.4
6616,6093.4,5834.3,5731.7,5716,5870.6,6533.8,7797.1,8759.8,9711.3,10262.4,10528.9,9875.5,9505,9598.8,9584.4,9858.5,10242.5,10640.5,10560.5,10266.1,9933,9039.4,7837.3
6860.7,6395.6,6085,5947.7,5888,6093.9,6711.7,7928.5,8826.3,9775.5,10302.3,10543.8,9896.3,9600.9,9689.1,9710.3,9932.1,10403.2,10851.5,10782.7,10474.4,10201.1,9248.2,7965.3
6978.9,6411.1,6094.2,5990.1,5891.3,6138.3,6679.7,7930.9,8944.8,9833.2,10378.3,10582.4,9964,9675.3,9754.5,9759,10029.2,10398.7,10807.7,10751.6,10519.9,10185.2,9249.6,8035.4
6996.3,6414.8,6153.3,6014.6,5956.3,6108.8,6649.1,7881.3,8858.2,9898.3,10449.3,10614.7,9929.5,9595.8,9709.9,9773.6,10041,10597.4,10891.7,10554.7,10323.8,9991.1,9195.7,8067.5
7049.8,6488.2,6137.7,5969.1,5919.6,6076.2,6414.2,7212.2,8115.1,8972.1,9605.8,9820,9304.6,9092,9057.2,8923.1,9223.5,9871.7,10595.1,10428,10279.7,10007.6,9129.6,7921.6
6917.6,6350.9,6048.1,5876.4,5859.8,6083.6,6744.7,8070.8,8930.5,9899.4,10443,10673.9,10039.5,9712,9777.3,9754.9,10007.7,10318.3,10994.6,10983.2,10690.1,10413.8,9460.7,8205.6
7103.7,6550.5,6238.3,6083.2,6073.2,6304,6928.1,8209.6,9122.4,10020,10542.7,10697.6,10008.1,9710.2,9809.1,9728.2,10005.7,10396.1,10946.3,10898.1,10675.4,10411.7,9463.1,8267.6
7132.7,6558.5,6245.6,6094.1,6060.1,6219,6855.9,8204.1,9092.6,9981,10530.5,10678.2,10008,9670.4,9815.1,9767.2,9974.6,10402.3,11088,10947.6,10719.6,10381.6,9432.2,8162.2
7101.5,6519.3,6295.4,6105.7,6087.5,6318.5,6938.6,8184.3,9085.5,9962.4,10509.6,10704.8,10026.2,9749.6,9798.8,9741.9,10010.5,10462.4,11082.8,10869,10657.4,10429.5,9404.9,8143.4
7128.4,6547.9,6279,6203.7,6059.1,6312.3,6871.1,8172.8,9048.5,10002,10498.4,10669.2,10020.3,9726.9,9836.9,9803.7,9984.7,10470.7,10948.4,10730.2,10502.5,10224.6,9530.4,8317.5
7278.8,6668.2,6302.6,6119.1,6070.4,6208.7,6597.9,7563.8,8472.5,9283.8,9827.1,9975.2,9365.2,9159,9183.3,9167.1,9350.1,10010.9,10647,10430.7,10260,9979.6,9267.5,8151.2
7116.7,6535.5,6174.6,6009.7,5949.1,6097.9,6423.5,7273.7,8161.6,8981.8,9599.1,9812.3,9386.3,9074,9047.3,8977.7,9296.4,9913.8,10700.5,10456.4,10307.4,10019.2,9097.4,7823.1
6830.7,6300.3,6053.7,5914.2,5844.1,6053.8,6732.6,8084.7,9032.8,10038.1,10643.7,10820.4,10239.5,9898.8,10012.4,9986.8,10203.9,10815.7,11315.7,10938.9,10665.6,10315.1,9357.4,8132.8
7082.9,6533.1,6244.9,6075.8,6095.2,6323.6,6912.7,8237.2,9215.5,10226.4,10771.8,11056.7,10386.6,10047.9,10074,9987.6,10255.9,10762.4,11409.5,11146.7,10906.2,10632.8,9766.7,8370.6
7266.8,6659.5,6434.6,6257.6,6206,6338.3,7079.9,8399,9379.8,10429.8,10996,11241,10607.1,10241.6,10245.9,10236.3,10481.1,11048.3,11570.6,11257.4,11052.1,10685.8,9828.2,8441.4
7311.7,6727.6,6494.5,6289.9,6258.6,6418.6,7122.6,8426.6,9407.9,10438.3,11015,11215.9,10560.8,10179,10221.3,10209.8,10411.6,11006.7,11544.9,11293.3,11119.1,10773.8,9860.1,8522.3
7433.8,6802.3,6511.3,6342.4,6324.3,6477.8,7196.8,8513.1,9531.7,10408,10930.9,11077.7,10408.8,10105.7,10128.8,10107.7,10371,10925.8,11415.7,11102.8,10938.1,10657,9846,8660
7561.6,6890.6,6537.8,6419.8,6291.1,6486.8,6932.9,7746.2,8845,9694,10224.5,10398.5,9832.9,9590.9,9563.8,9477,9649,10295,11052.3,10772.8,10622.6,10461.8,9669.7,8494.2
7491.8,6830,6516.3,6226.8,6203.1,6324.3,6717.3,7560.6,8552.8,9280.5,9852.6,9966.8,9478.7,9300.9,9194.6,9095.2,9439.2,10030.9,10955.4,10777.7,10730.8,10466.9,9539.5,8247.2
7213.6,6599.3,6292.4,6192.7,6159.2,6417.7,7094.6,8464.1,9482.2,10426.7,10957.4,11146.9,10518.9,10129.3,10224.4,10206,10474,11014.8,11705.9,11475.6,11286.1,10884.5,9987.3,8654
7526,6920.6,6620.9,6460.1,6462.5,6656.7,7303.4,8731.5,9684.2,10681.3,11123,11292.9,10737.9,10304.8,10372.8,10398.6,10724,11388.2,11872.8,11550.3,11399.1,11107.2,10094.2,8769
7592.2,6971.5,6728.9,6553.1,6480.6,6715.2,7403.1,8780.8,9763.5,10723.9,11288,11470.5,10769.6,10393.4,10444.9,10403.9,10761.2,11328.2,11947.3,11643.5,11385.1,11132.8,10226.6,8823.4
7686.3,7082.6,6732.7,6625.4,6614.7,6800.2,7471.3,8770.7,9854.1,10982.6,11553.4,11726.1,11065.6,10660.3,10710.5,10624.5,10957.3,11606.1,12027,11700.2,11478.8,11170.4,10229.1,8892.2
7753.3,7080.4,6799,6615.7,6573.1,6758.5,7455.8,8757.8,9800.2,10872.5,11440.5,11671.1,10982.3,10620,10717.2,10593.7,10909.4,11256.7,11788.8,11473.5,11208.5,10953.1,10309.6,9027.7
7933.8,7228.1,6896.1,6674.1,6592.4,6663.8,7107.8,7956.3,9038,9938.8,10615.6,10860.7,10351.6,10048.2,10007.7,9879.4,10225.3,11028.2,11720.2,11394.7,11210.3,10974.3,10207,8891.6
7794.1,7165.8,6814.8,6628.1,6593.7,6792.9,7363.3,8512.2,9433.7,10356.3,10814.1,10971.8,10429.3,10026.2,9953.1,9902.9,10174.5,10910.2,11774.9,11513.7,11344,11091.7,10140,8818.7
7648.2,7057.7,6706.5,6523,6526.6,6672.8,7438.5,8775.4,9690.3,10659.2,11087.6,11251.8,10614.8,10126.9,10089.2,10050.1,10301.2,10977.3,11713.2,11484.3,11289.9,11048,10151.7,8787.1
7659.2,6988.8,6696.8,6543.4,6522.5,6686.4,7406.7,8731.7,9768.9,10633,11032.6,11198.6,10590.6,10200.4,10166.8,10173.5,10385.9,11135.4,11795.4,11607.5,11472.9,11237.1,10332.5,8909.5
7725.1,7125.1,6775.3,6641.4,6587.2,6718.8,7490.1,8833,9780.8,10627.1,11024.6,11117.2,10556.2,10098.7,10073.4,10018.9,10212.7,10860.9,11681.8,11433.6,11324.5,11102.9,10273.8,8867.7
7698.4,7034.1,6721.1,6568.6,6528.1,6723.7,7379.5,8711.9,9677.3,10631.8,11083,11226.5,10700.2,10226.3,10185.2,10054.8,10287.8,11021.1,11795,11602.1,11404.6,11183.9,10441.3,9100.6
7862.1,7193.9,6854.2,6711.3,6596.7,6736,7245.3,8178.9,9418.5,10354.3,10866.9,11032.9,10703.8,10405.9,10209.6,10154.6,10496,11220.4,11918.1,11667.2,11437.1,11242.2,10521.6,9257.7
8103.4,7388.8,7044.3,6766.8,6751.5,6880.1,7208.5,8007.4,9124.1,9953.3,10392,10503.1,9926.2,9563.6,9429.5,9337.4,9605.6,10606.4,11528.4,11364.8,11164.1,10945.2,10318.8,9099.7
8048.7,7286.7,6931.4,6743.6,6665.8,6783.8,7165.7,7903.3,8937.3,9687.9,10058,10109,9766,9279.2,9039.3,8957.3,9262.1,10254.3,11355.6,11139.8,11002.2,10841.5,10136.2,8912.7
7843.1,7138.4,6808.2,6662.1,6656.3,6745.4,7189.3,8158.1,9380.8,10140.5,10625.9,10776.5,10329.2,9915.3,9774.2,9755.9,10107.5,11000,11710.1,11520.5,11395.5,11179,10432.5,9263.3
8145.8,7398.4,7018.1,6851.4,6794.2,6911.6,7315.1,8179.2,9407.4,10340.5,11027.5,11206,10781.4,10352.8,10352.8,10290.2,10488.5,11263.9,12106.3,11879.1,11803.1,11701.5,10951.2,9678.8
8527,7711.3,7303.2,7108.7,7113.9,7147.6,7637.3,8589.7,9943.6,11000.5,11559.6,11831.2,11426.2,11005.2,10862.6,10773.3,11187,12181.3,13077.1,12884.4,12810.1,12457.7,11558.7,10092
8890.5,8115.9,7823.2,7601.8,7610.9,7794.8,8556.4,9839.5,11058.7,12199.4,12690.7,12808.1,12095.7,11686.2,11677.9,11577.1,11874,12706,13321.9,13151.9,13020.4,12864.1,11975,10560.1
9397.1,8663.4,8303.7,8095.6,8152.1,8257.5,8858.4,10228.9,11369.4,12414.9,12793.3,12871.2,12167.2,11775.3,11703.5,11667.1,12011.8,12914.6,13352.1,13123.8,13000,12744,11971,10669.5
9538.6,8813.7,8476.8,8232.4,8192.3,8336.9,8903.5,9909.5,11100.1,12080,12596.6,12796.1,12295.5,12035,12164.3,12022.5,12364.4,13100.1,13465.2,13117.7,12889,12565.2,12042.9,10832.3
9636.5,8878.8,8509,8324.6,8280.1,8325.8,8710.7,9349.2,10461.7,11468.2,11999.5,12136.1,11604.2,11283.9,11029.2,10974.1,11220.2,12269.7,13084.1,12826.1,12651.3,12505,11708.7,10455.4
9433.7,8749.5,8382.4,8270.8,8252.2,8322.7,9010.1,10245.6,11350.3,12403,12945.8,13115.3,12413.5,11959.6,11861,11778.1,12096.5,12921.4,13398.2,13191.9,12919.4,12691.8,11979.6,10733.2
9594.8,8890.8,8617.3,8471.8,8377.6,8515.4,9199.9,10308.5,11525.3,12538.6,12981.8,13044.3,12287.7,11859.1,11839.3,11783.7,12115.3,12944.8,13387.1,13180.5,12924.1,12729.3,11947.8,10642
9584.9,8874.6,8598,8471.3,8397.3,8589.3,9128.3,10304.6,11530.4,12781.3,13343.8,13512.2,12869.2,12443,12383.1,12493.5,12691.6,13469.2,13764.1,13421.1,13191.2,12937.9,12130.2,10836.6
9756.5,9063.3,8720,8587.1,8503.4,8715,9285.1,10422.5,11689.8,12941.1,13515.2,13706.7,13009.3,12517.8,12397.2,12358.3,12691.4,13513.1,13877.4,13524.5,13292.4,13018.4,12240,10923
9895.6,9184.8,8901.5,8695.3,8625.6,8781,9377,10512.6,11838.6,12958.8,13364.9,13465.5,12706.3,12230.2,12126.9,11998,12374.3,13075.4,13531.2,13149.1,12938.6,12734.1,12128.3,10943.2
9888.3,9192.3,8730.3,8544.7,8533.9,8636.3,8965,9497.6,10777.6,11683.6,12227.7,12319.2,11713,11423.7,11267.5,11156.1,11569.2,12495,13098.5,12751.8,12593.9,12424.7,11831.5,10719.8
9704.8,8981.9,8611.9,8406.4,8366.7,8536.2,8727.5,9213.7,10470.9,11520.7,12262.7,12527.9,12046.4,11658.6,11406.1,11249.3,11549.8,12683.7,13179.1,12939.5,12825.8,12539.7,11861.3,10562.6
9549.1,8850.2,8545.8,8383.7,8336.5,8504.3,9123.8,10294.3,11583.6,12739.3,13186.1,13299.3,12545.6,12111.8,12085.6,11993.6,12459.9,13315.2,13653.9,13436.1,13122.8,12921.6,12126,10868.8
9837.6,9144.9,8907,8653.4,8566.3,8813.5,9326.2,10509.8,11718.7,12841.4,13350.9,13458.9,12827.5,12421.6,12430.9,12334.4,12767.9,13607.7,13894.3,13612.6,13337.3,13034.9,12328.6,11048
9900.8,9246.9,8915.4,8800.5,8729,8883.7,9462.7,10580.4,11878.6,13020.1,13529.9,13667.4,13027,12578.8,12559.3,12475.5,12893.3,13682.1,13911.1,13633.9,13374.5,13103.8,12405.4,11056.6
9993.3,9272.1,8979.1,8794.1,8745.2,8807.4,9454.5,10569.3,11856.5,13072.1,13717.3,13886.6,13370.5,12955.6,12963.3,12848.4,13251.2,14009,14155.7,13838.3,13453.2,13227.4,12451.4,11159.1
10068.1,9325.3,8971.6,8860.4,8855,8926.9,9519.8,10703.3,11827.8,12904.5,13294.9,13378.4,12649.7,12244.4,12245.6,12154.2,12443.5,13325.7,13663.4,13406.3,13164.2,12968.6,12393.4,11242.1
10218.9,9390.7,8996.8,8823.7,8758.7,8893.8,9173.4,9712.2,10974.8,12178.6,12989.1,13192.7,12677.8,12444.2,12351.5,12322,12758.7,13608.7,13623.7,13313.9,13006.3,12811.1,12222.2,11150.7
10095.6,9359.2,8987.1,8751.4,8716.5,8804.2,9089.2,9436.3,10695.9,11704.5,12450.8,12668,12186.8,11780.8,11570.4,11488.7,11989.2,13139.1,13795.6,13567.7,13526.2,13252.5,12567.5,11331.5
10272.6,9593.3,9266.9,9078.8,9092.1,9306.7,9878.2,11039.6,12315.8,13683.5,14333.1,14561,13981,13515.9,13454.9,13357.2,13734.8,14727.8,15101.6,14685.8,14428.1,14117.1,13357.4,12025.5
10902.3,10253.2,9838.2,9654.6,9642.5,9793.5,10371.9,11523.5,12792.1,14076.8,14628.5,14807.6,14166.5,13688.7,13589.4,13520.8,13950.3,14910.2,15162.8,14926.3,14696.8,14364.2,13599.1,12224.9
11061.5,10335.2,9992,9835.5,9742.4,9872.5,10514,11612,13003.1,14299.3,14797.5,14962.2,14301.4,13845.7,13789.2,13677.3,14133.8,15049.3,15426.7,15208.7,14955.4,14663.6,13755.5,12390.4
11310.7,10521.3,10211.9,10028.1,9923.2,10066.1,10621.5,11867,13082.6,14343.1,14835.4,15028.5,14465,14003.1,13836.6,13721.2,14119.4,15095.1,15513.6,15149.8,14905.2,14679.9,13883.7,12480.1
11343.5,10555.3,10252.9,10013.6,9974.1,10090.2,10718.7,11837.4,13041.4,14306.3,14711.3,14853.8,14162.7,13713.8,13602.8,13424.8,13832.9,14807.9,15063.4,14756.2,14533,14345.3,13791.1,12510.9
11371.8,10563.5,10138.4,9947.2,9881,9922.6,10206.9,10812,12036.6,13203.1,13633.8,13787.6,13185.7,12950.1,12860.6,12918.4,13342.6,14355.7,14656.3,14332.2,14104.2,13868.7,13320.2,12174.7
11063,10295.8,9901.1,9688.1,9629.6,9642.5,9880.1,10353.4,11505.4,12667.7,13316.3,13486.5,12993.8,12551.6,12321.6,12217.6,12610.5,13832.2,14502.9,14217.4,14043.8,13813.9,13101.6,11838.6
10759.4,10051.3,9721.7,9567,9519.7,9717.2,10297.6,11488.8,12686.6,14095.1,14585.6,14652.2,14039.2,13591.3,13447.1,13450.4,13871.6,14767.9,15107.3,14779.4,14515.4,14233.6,13448,12155.5
11068.7,10342.2,10019.4,9840.9,9839,9938,10487.5,11646.7,12946.6,14378.4,15059.6,15261,14680.1,14224.1,14212.9,14175.2,14438.3,15386.7,15423.3,15011.6,14706.7,14395.6,13570.9,12227.5
11142.3,10427.2,10075.9,9864.7,9857.7,9965,10520.7,11663.4,12927,14242,14637.7,14808.6,14152.4,13619.5,13653.3,13544.9,13970.4,14932.2,15392.6,15063.5,14775.1,14451.1,13572.4,12283.3
11203,10463.6,10156.4,9991,9889,10060.7,10631.7,11758,13039.9,14298,14665.7,14768.7,14085.1,13612.9,13519.5,13398,13896.6,14825.6,15239.8,14873.8,14597.8,14389.5,13631.7,12377.8
11249.9,10499.2,10157.1,10015.3,9918,10068.1,10628.8,11860.7,12966.4,14192.1,14675.3,14855,14195.1,13697.9,13572.2,13467,13830.2,14859.4,15074,14701,14414.9,14206.9,13684.8,12563.6
11397.3,10528,10125.2,9911.4,9809.9,9909.9,10146.5,10727.8,11953.6,13137.3,13722,13815.4,13144.3,12854,12570.2,12499.6,12895.7,13996.9,14523.5,14286.1,14023.4,13873.7,13326.9,12176
11125.9,10333,9909.7,9773.1,9699.7,9749.2,10039.8,10454.2,11575.2,12754.4,13285.8,13450.5,12861.8,12487.4,12251.3,12130.6,12643.5,13933.5,14411.8,14194.6,14021.5,13807.4,13061.2,11802.6
10715.3,10000.9,9632.5,9516.2,9448.2,9613,10208.4,11357.7,12673.9,14084.6,14564.3,14684.2,14048.8,13595,13515.5,13538.1,14024.1,14926,15353.1,15145,14859.4,14491.5,13652.9,12378.9
11255.1,10530.6,10196.2,10006.2,9938.8,10063.5,10579.4,11774.4,13089.2,14274.7,14824.3,15007.7,14409.7,14035.9,13947,13860.7,14358.7,15289.2,15662.8,15182.9,14888.3,14693.5,13795.4,12443.2
11291.2,10542.4,10167.5,10011.3,9955,10098.7,10712.2,11827.2,13133.6,14372.9,14800.6,14892.7,14243.8,13705.7,13599.6,13468.8,13886,14780.6,15271.8,14947.2,14631.5,14411.9,13627.8,12367.8
11202.6,10458.7,10096.3,9930.2,9926.2,10024.5,10588.3,11820.1,13063.5,14257.8,14816.5,14904.4,14280.8,13732.1,13715.9,13610.5,14165.6,15073.4,15291.4,14985,14680.3,14458.8,13630.2,12335.9
11276.3,10446.3,10132.6,9899.9,9847.2,9991.2,10519.8,11645.4,12927.5,14071.4,14468.4,14586.8,13987.7,13459.5,13408.9,13297.5,13722.7,14716.8,15010.7,14735.5,14484,14244.3,13635.5,12482.1
11339,10523.2,10149.3,10012.3,9822.6,10004.2,10206.3,10759.9,12023.9,13229.2,13909.7,14002.8,13531.5,13081.5,12797.3,12697,13110.8,14184,14701.1,14410.1,14226.4,14077.7,13521.7,12408
11337.1,10520.5,10140.6,9873.5,9795.3,9847.7,10068.6,10629,11736.7,12931.6,13559.6,13885.5,13397.2,12971.3,12665.3,12537,12971.1,14122,14791.9,14538.2,14287.7,14144.9,13388.2,12087.1
11006.3,10322.5,9907.1,9777,9700,9871.8,10432.2,11579.9,12856.2,14162.1,14548.8,14563.5,13941.9,13309.9,13254.1,13156.2,13528.6,14365.1,14781.5,14471.5,14250,14087.8,13356.4,12126.6
11069.4,10304.6,9947.8,9785.5,9761.8,9893.9,10454.3,11632.7,12840.9,14052.1,14453.2,14525.7,13811.9,13236,13157.6,13014.7,13390.6,14340.8,14780.4,14515.6,14366.3,14109.4,13324.5,12116
11003.4,10211.2,9923.7,9739.4,9645.9,9813.1,10328.4,11499.3,12764,13949.7,14311.2,14478.2,13777,13312.2,13191.6,13125.2,13472.7,14368.5,14705.6,14447.2,14146.2,13934.3,13325.2,12138.8
11087.4,10353.1,9933.8,9815.6,9684.5,9829,10362.7,11446.6,12696,13827.1,14249.7,14291.4,13619.9,13045.6,12994.8,12856.8,13275.3,14162.2,14655.7,14398.9,14089.7,13961.6,13252.1,12085.2
11006.1,10188.6,9916.7,9763.8,9658.2,9822.6,10279,11419.9,12652.6,14020.9,14509.9,14668.6,14073.9,13574.6,13433.7,13273.3,13757.6,14633.7,14837.1,14527.8,14230.6,13998.8,13410.5,12231.7
11182.7,10346.6,9961.1,9929.7,9689.3,9732.1,9958.3,10507.6,11655.3,12935.6,13541.1,13698,13084.7,12745.7,12556.3,12489.8,12858.8,13916.9,14384.5,14080.1,13838,13680.6,13086.8,11968.8
10979.7,10250.9,9794.1,9640.8,9545.2,9578.1,9804,10367.5,11436.1,12659.8,13251.5,13292.9,12780.3,12360.7,12169.1,11994.1,12468.6,13469.9,14218.7,13939.7,13749.3,13604.4,12955.4,11711.4
10700.3,9979,9535.4,9382.3,9360.5,9499.9,10102.1,11241.1,12439.3,13724.2,14144.9,14142.7,13425.4,12860,12795.8,12698.4,13029.9,13811.3,14317.9,14088.7,13796.4,13645.4,12953.3,11665.2
10658.7,9918.8,9618.4,9408.6,9338.4,9503.3,10002,11164.1,12326.4,13511,13903.1,13930,13367.7,12805.8,12712.6,12631.8,13086.6,13932.4,14313.8,14002.4,13749.7,13631.2,13000.1,11860.1
10799.8,10069.5,9726.4,9584.4,9520.3,9683.3,10198.1,11287.2,12534.1,13804.3,14252.1,14329.9,13814.1,13296.2,13048.3,12922.8,13137.3,13934.6,14457.3,14064.4,13816.1,13583.8,13159.8,12055.9
